"1","100","0","28","181.57","1990-07-30 21:41:13","1990-07-30 21:41:13"
"2","100","1","75","35.88","1980-12-12 09:02:09","1980-12-12 09:02:09"
"3","100","2","48","88.19","1977-04-09 22:42:50","1977-04-09 22:42:50"
"4","100","3","91","376.63","1991-01-23 23:31:37","1991-01-23 23:31:37"
"5","100","4","62","117.12","2018-12-29 21:38:45","2018-12-29 21:38:45"
"6","100","5","3","119.6","2017-03-15 05:32:39","2017-03-15 05:32:39"
"7","100","6","52","311.71","2015-02-17 00:41:15","2015-02-17 00:41:15"
"8","100","7","60","443.39","2005-10-13 12:52:05","2005-10-13 12:52:05"
"9","100","8","53","419.15","1995-02-05 21:59:07","1995-02-05 21:59:07"
"10","100","9","80","86.78","1979-04-08 09:56:08","1979-04-08 09:56:08"
"11","100","10","16","299.81","1987-10-27 22:20:37","1987-10-27 22:20:37"
"12","100","11","61","427.52","1995-03-21 15:00:15","1995-03-21 15:00:15"
"13","100","12","92","146.92","1981-03-06 17:12:32","1981-03-06 17:12:32"
"14","100","13","75","403.64","1979-03-30 05:24:53","1979-03-30 05:24:53"
"15","100","14","90","121.52","2022-03-21 23:04:07","2022-03-21 23:04:07"
"16","100","15","41","229.55","1975-08-21 20:12:02","1975-08-21 20:12:02"
"17","100","16","79","108.35","2020-03-28 09:36:00","2020-03-28 09:36:00"
"18","100","17","53","101.06","1970-06-16 17:17:23","1970-06-16 17:17:23"
"19","100","18","75","175.15","1999-11-21 20:11:07","1999-11-21 20:11:07"
"20","100","19","94","207.53","2017-08-02 00:13:21","2017-08-02 00:13:21"
"21","100","20","2","492.41","1988-11-11 05:37:45","1988-11-11 05:37:45"
"22","100","21","57","10.65","2016-07-05 19:31:09","2016-07-05 19:31:09"
"23","100","22","17","222.29","2017-07-25 17:58:18","2017-07-25 17:58:18"
"24","100","23","50","274.05","2017-06-27 08:14:43","2017-06-27 08:14:43"
"25","100","24","85","258.29","1977-05-21 02:15:02","1977-05-21 02:15:02"
"26","100","25","85","193.58","1987-04-26 12:58:20","1987-04-26 12:58:20"
"27","100","26","52","173.6","1994-10-20 05:59:40","1994-10-20 05:59:40"
"28","100","27","48","238.84","1994-03-29 05:13:26","1994-03-29 05:13:26"
"29","100","28","67","64.43","1993-09-10 19:01:56","1993-09-10 19:01:56"
"30","100","29","47","365.27","1977-10-12 09:18:57","1977-10-12 09:18:57"
"31","100","30","75","131.31","1980-07-09 06:56:55","1980-07-09 06:56:55"
"32","100","31","18","71.25","1990-09-07 16:18:17","1990-09-07 16:18:17"
"33","100","32","29","444.04","2010-11-10 15:50:40","2010-11-10 15:50:40"
"34","100","33","62","173.44","1983-07-30 11:11:36","1983-07-30 11:11:36"
"35","100","34","30","65.37","1994-01-11 07:24:14","1994-01-11 07:24:14"
"36","100","35","1","186.92","1972-05-09 01:38:53","1972-05-09 01:38:53"
"37","100","36","74","107.81","1987-12-03 11:34:24","1987-12-03 11:34:24"
"38","100","37","37","422.95","2014-12-22 22:42:32","2014-12-22 22:42:32"
"39","100","38","21","163.83","2004-11-23 20:06:28","2004-11-23 20:06:28"
"40","100","39","87","317.66","1981-05-12 23:25:08","1981-05-12 23:25:08"
"41","100","40","17","374.83","2015-09-04 14:44:05","2015-09-04 14:44:05"
"42","100","41","59","277.47","2012-09-15 13:49:02","2012-09-15 13:49:02"
"43","100","42","87","95.61","2006-05-20 23:00:30","2006-05-20 23:00:30"
"44","100","43","53","271.7","1990-09-19 09:15:13","1990-09-19 09:15:13"
"45","100","44","5","130.57","2011-06-02 22:38:58","2011-06-02 22:38:58"
"46","100","45","82","114.16","2013-09-07 16:16:00","2013-09-07 16:16:00"
"47","100","46","47","62.75","1993-11-17 03:48:16","1993-11-17 03:48:16"
"48","100","47","25","485.44","2000-03-12 14:58:10","2000-03-12 14:58:10"
"49","100","48","59","101.07","2016-12-07 15:44:11","2016-12-07 15:44:11"
"50","100","49","38","475.42","1989-11-17 05:21:09","1989-11-17 05:21:09"
"51","10","50","65","262.49","1972-06-24 13:32:43","1972-06-24 13:32:43"
"52","73","51","30","279.23","2012-11-17 09:54:48","2012-11-17 09:54:48"
"53","22","52","30","372.32","1994-01-29 22:36:08","1994-01-29 22:36:08"
"54","47","53","97","207.56","2009-09-29 14:33:00","2009-09-29 14:33:00"
"55","88","54","44","45.06","2004-09-07 21:25:55","2004-09-07 21:25:55"
"56","5","55","18","317.65","1973-08-14 11:38:17","1973-08-14 11:38:17"
"57","0","56","19","212.81","1976-01-25 14:34:03","1976-01-25 14:34:03"
"58","36","57","84","262.62","2017-05-11 22:48:20","2017-05-11 22:48:20"
"59","26","58","80","30.34","1971-07-20 14:55:52","1971-07-20 14:55:52"
"60","56","59","64","211.48","1970-07-06 21:49:50","1970-07-06 21:49:50"
"61","98","60","22","416.83","2014-11-02 18:34:04","2014-11-02 18:34:04"
"62","87","61","15","186.17","1993-06-16 15:06:19","1993-06-16 15:06:19"
"63","10","62","63","249.28","2010-12-08 03:13:07","2010-12-08 03:13:07"
"64","62","63","95","283.45","2006-02-05 01:34:30","2006-02-05 01:34:30"
"65","44","64","8","153.72","1987-04-22 22:15:59","1987-04-22 22:15:59"
"66","4","65","31","354.27","1970-11-01 12:18:45","1970-11-01 12:18:45"
"67","68","66","1","297.48","1974-06-21 06:12:55","1974-06-21 06:12:55"
"68","80","67","29","261.41","2011-06-15 08:32:34","2011-06-15 08:32:34"
"69","19","68","32","265.91","2021-01-21 04:52:59","2021-01-21 04:52:59"
"70","53","69","46","464.66","2013-02-11 22:05:32","2013-02-11 22:05:32"
"71","1","70","89","270.64","1983-04-14 22:55:10","1983-04-14 22:55:10"
"72","2","71","66","324.95","1985-01-24 02:27:11","1985-01-24 02:27:11"
"73","24","72","34","146.81","2006-11-05 21:56:58","2006-11-05 21:56:58"
"74","21","73","95","457.76","1993-03-25 05:38:29","1993-03-25 05:38:29"
"75","27","74","67","30.83","1983-02-08 02:51:06","1983-02-08 02:51:06"
"76","31","75","96","286.11","1986-04-24 19:45:49","1986-04-24 19:45:49"
"77","1","76","32","98.21","1984-12-18 20:34:09","1984-12-18 20:34:09"
"78","5","77","8","302.7","1985-03-22 00:37:52","1985-03-22 00:37:52"
"79","73","78","96","482.45","1973-12-07 13:47:44","1973-12-07 13:47:44"
"80","65","79","56","198.1","2003-07-23 01:43:49","2003-07-23 01:43:49"
"81","94","80","51","373.97","1977-06-18 00:06:15","1977-06-18 00:06:15"
"82","92","81","81","49.82","2002-06-18 16:06:53","2002-06-18 16:06:53"
"83","86","82","3","461.37","1981-07-10 01:04:28","1981-07-10 01:04:28"
"84","12","83","83","132.82","2018-01-31 13:33:21","2018-01-31 13:33:21"
"85","59","84","92","105.93","2004-06-18 18:23:35","2004-06-18 18:23:35"
"86","10","85","81","354.42","1981-02-24 19:45:28","1981-02-24 19:45:28"
"87","60","86","53","335.39","1975-12-13 10:41:46","1975-12-13 10:41:46"
"88","43","87","14","256.21","1982-03-07 12:41:26","1982-03-07 12:41:26"
"89","12","88","13","303.75","1972-08-04 15:55:45","1972-08-04 15:55:45"
"90","1","89","30","128.32","2006-10-15 20:46:24","2006-10-15 20:46:24"
"91","94","90","85","48.12","1974-10-11 01:43:33","1974-10-11 01:43:33"
"92","76","91","84","17.04","2020-07-13 21:42:00","2020-07-13 21:42:00"
"93","67","92","85","8.58","2021-07-27 20:56:57","2021-07-27 20:56:57"
"94","47","93","20","369.95","2004-04-09 23:34:46","2004-04-09 23:34:46"
"95","28","94","16","168.83","1990-10-03 16:14:19","1990-10-03 16:14:19"
"96","64","95","23","314.7","1976-01-24 12:09:36","1976-01-24 12:09:36"
"97","1","96","2","404.32","2011-11-16 11:58:02","2011-11-16 11:58:02"
"98","14","97","27","207.53","1982-05-10 09:10:10","1982-05-10 09:10:10"
"99","19","98","63","273.04","2015-11-27 22:30:47","2015-11-27 22:30:47"
"100","22","99","46","303.13","1980-05-28 14:10:14","1980-05-28 14:10:14"
"101","41","100","79","447.43","1987-10-05 03:30:09","1987-10-05 03:30:09"
"102","55","101","89","361.35","2003-11-16 03:27:07","2003-11-16 03:27:07"
"103","81","102","75","445.13","1970-03-21 15:42:52","1970-03-21 15:42:52"
"104","68","103","98","369.47","1985-02-12 07:30:14","1985-02-12 07:30:14"
"105","52","104","61","483.64","2002-03-18 00:26:51","2002-03-18 00:26:51"
"106","24","105","89","338.93","2020-08-09 06:49:53","2020-08-09 06:49:53"
"107","65","106","18","208.89","1974-05-12 17:50:13","1974-05-12 17:50:13"
"108","82","107","93","336.54","2022-07-28 20:28:41","2022-07-28 20:28:41"
"109","62","108","39","356.57","1995-11-02 01:58:33","1995-11-02 01:58:33"
"110","44","109","8","322.63","1985-05-10 16:13:56","1985-05-10 16:13:56"
"111","24","110","8","85.39","1985-10-18 07:54:51","1985-10-18 07:54:51"
"112","99","111","36","443.79","1972-06-24 20:48:11","1972-06-24 20:48:11"
"113","21","112","38","79.96","2012-06-07 02:27:48","2012-06-07 02:27:48"
"114","50","113","28","90.54","2022-11-28 21:34:02","2022-11-28 21:34:02"
"115","46","114","15","164.34","1982-08-19 03:16:11","1982-08-19 03:16:11"
"116","49","115","42","223.25","1994-05-26 00:41:07","1994-05-26 00:41:07"
"117","83","116","7","435.52","2017-09-10 19:01:56","2017-09-10 19:01:56"
"118","77","117","81","346.1","1999-06-21 15:46:59","1999-06-21 15:46:59"
"119","49","118","46","478.95","2022-09-11 10:18:42","2022-09-11 10:18:42"
"120","39","119","69","405.09","1970-04-05 14:55:45","1970-04-05 14:55:45"
"121","40","120","96","3.09","2019-05-11 13:21:15","2019-05-11 13:21:15"
"122","76","121","40","433.76","1971-10-10 01:48:21","1971-10-10 01:48:21"
"123","5","122","26","250.86","1976-05-15 23:46:49","1976-05-15 23:46:49"
"124","80","123","17","353.84","1988-01-08 09:13:02","1988-01-08 09:13:02"
"125","82","124","41","184.88","2022-05-08 13:16:54","2022-05-08 13:16:54"
"126","29","125","61","276.17","2002-06-15 13:04:49","2002-06-15 13:04:49"
"127","95","126","55","278.21","1983-06-07 08:49:04","1983-06-07 08:49:04"
"128","52","127","96","496.65","1997-03-07 00:53:47","1997-03-07 00:53:47"
"129","17","128","70","266.8","1996-12-10 21:57:14","1996-12-10 21:57:14"
"130","63","129","72","451.58","2007-08-02 11:03:29","2007-08-02 11:03:29"
"131","57","130","57","393.14","2008-04-03 16:59:01","2008-04-03 16:59:01"
"132","24","131","31","261.94","2002-06-07 08:10:12","2002-06-07 08:10:12"
"133","39","132","62","425.49","2002-08-08 05:51:00","2002-08-08 05:51:00"
"134","10","133","32","41.98","2005-08-27 09:07:39","2005-08-27 09:07:39"
"135","37","134","42","472.02","2011-03-14 20:06:07","2011-03-14 20:06:07"
"136","92","135","91","183.32","2022-12-11 00:16:47","2022-12-11 00:16:47"
"137","8","136","21","120.19","2006-06-28 10:04:54","2006-06-28 10:04:54"
"138","72","137","81","477.2","1997-07-24 16:51:58","1997-07-24 16:51:58"
"139","64","138","12","120.3","2015-12-01 21:44:35","2015-12-01 21:44:35"
"140","27","139","66","14.78","1971-11-03 20:37:02","1971-11-03 20:37:02"
"141","21","140","50","445.72","1989-11-21 02:02:37","1989-11-21 02:02:37"
"142","3","141","35","238.86","2000-02-13 20:04:28","2000-02-13 20:04:28"
"143","5","142","21","488.44","1995-09-10 14:35:10","1995-09-10 14:35:10"
"144","4","143","71","477.14","2005-04-03 11:49:57","2005-04-03 11:49:57"
"145","37","144","17","314.68","1972-12-15 04:30:54","1972-12-15 04:30:54"
"146","96","145","90","488.39","2025-01-28 15:16:33","2025-01-28 15:16:33"
"147","69","146","24","113.08","2023-04-15 03:36:48","2023-04-15 03:36:48"
"148","26","147","58","257.67","2000-05-27 05:01:57","2000-05-27 05:01:57"
"149","76","148","70","360.93","2023-11-12 17:09:50","2023-11-12 17:09:50"
"150","3","149","1","230.26","1984-03-06 19:09:12","1984-03-06 19:09:12"
"151","19","150","88","263.65","1990-05-22 13:01:44","1990-05-22 13:01:44"
"152","65","151","61","101.53","1979-05-08 01:32:43","1979-05-08 01:32:43"
"153","29","152","8","258.9","1992-08-18 20:44:15","1992-08-18 20:44:15"
"154","6","153","59","189.19","2009-03-13 00:01:25","2009-03-13 00:01:25"
"155","84","154","21","336.5","2001-05-03 11:20:13","2001-05-03 11:20:13"
"156","57","155","75","123.55","1980-12-09 12:45:54","1980-12-09 12:45:54"
"157","87","156","75","142.35","2020-04-05 01:39:50","2020-04-05 01:39:50"
"158","12","157","70","489.67","1976-01-21 07:19:43","1976-01-21 07:19:43"
"159","88","158","50","91.42","2016-06-02 17:32:05","2016-06-02 17:32:05"
"160","72","159","83","278.54","1981-04-18 18:44:58","1981-04-18 18:44:58"
"161","35","160","49","334.47","2008-08-26 05:06:11","2008-08-26 05:06:11"
"162","59","161","96","119.39","2003-02-18 20:10:00","2003-02-18 20:10:00"
"163","31","162","48","332.54","2009-03-28 01:50:34","2009-03-28 01:50:34"
"164","9","163","3","42.52","2002-10-09 22:06:29","2002-10-09 22:06:29"
"165","70","164","57","420.65","2024-09-19 02:22:06","2024-09-19 02:22:06"
"166","37","165","8","443.14","2007-08-07 02:31:32","2007-08-07 02:31:32"
"167","38","166","88","388.49","1997-12-27 22:21:21","1997-12-27 22:21:21"
"168","60","167","59","48.0","1975-03-21 15:54:04","1975-03-21 15:54:04"
"169","56","168","81","94.82","1971-08-30 20:14:21","1971-08-30 20:14:21"
"170","93","169","41","97.53","1970-12-06 03:47:51","1970-12-06 03:47:51"
"171","41","170","85","333.87","2000-02-17 03:27:47","2000-02-17 03:27:47"
"172","10","171","76","306.68","1984-10-21 10:38:56","1984-10-21 10:38:56"
"173","91","172","59","224.01","1980-03-28 21:26:11","1980-03-28 21:26:11"
"174","44","173","40","463.63","2022-10-21 13:59:15","2022-10-21 13:59:15"
"175","75","174","12","54.4","1983-02-21 06:11:39","1983-02-21 06:11:39"
"176","96","175","38","325.02","2018-05-15 10:19:13","2018-05-15 10:19:13"
"177","7","176","98","70.54","1982-05-31 11:46:11","1982-05-31 11:46:11"
"178","64","177","87","1.93","2017-01-21 12:40:48","2017-01-21 12:40:48"
"179","28","178","9","156.67","1994-11-15 06:09:32","1994-11-15 06:09:32"
"180","40","179","96","111.68","2004-11-02 03:08:00","2004-11-02 03:08:00"
"181","2","180","44","354.17","2009-02-01 11:37:41","2009-02-01 11:37:41"
"182","47","181","58","306.49","1983-01-28 15:06:33","1983-01-28 15:06:33"
"183","43","182","23","292.35","1974-07-09 06:04:58","1974-07-09 06:04:58"
"184","75","183","86","205.66","1970-08-08 10:49:01","1970-08-08 10:49:01"
"185","93","184","23","382.36","1974-03-16 20:56:28","1974-03-16 20:56:28"
"186","31","185","91","294.42","1984-03-28 10:30:36","1984-03-28 10:30:36"
"187","45","186","97","109.72","2014-04-07 04:44:34","2014-04-07 04:44:34"
"188","86","187","29","231.53","1995-03-12 00:22:46","1995-03-12 00:22:46"
"189","0","188","74","153.64","1988-02-23 20:05:16","1988-02-23 20:05:16"
"190","18","189","63","63.22","2019-12-24 19:59:41","2019-12-24 19:59:41"
"191","74","190","65","229.3","1998-06-14 15:59:20","1998-06-14 15:59:20"
"192","23","191","70","370.14","2011-12-31 06:16:37","2011-12-31 06:16:37"
"193","65","192","10","225.08","2003-10-16 12:24:41","2003-10-16 12:24:41"
"194","20","193","50","441.6","1978-05-08 18:06:11","1978-05-08 18:06:11"
"195","78","194","6","1.44","1991-08-16 17:57:05","1991-08-16 17:57:05"
"196","19","195","100","218.65","2024-02-13 15:04:30","2024-02-13 15:04:30"
"197","65","196","16","262.88","2007-04-10 19:30:17","2007-04-10 19:30:17"
"198","16","197","5","152.0","1997-05-15 04:40:56","1997-05-15 04:40:56"
"199","37","198","78","297.11","1999-01-27 12:42:52","1999-01-27 12:42:52"
"200","2","199","34","285.49","1996-08-08 00:31:50","1996-08-08 00:31:50"
"201","1","200","91","158.6","1973-09-28 13:23:35","1973-09-28 13:23:35"
"202","56","201","38","430.41","1998-05-11 05:45:31","1998-05-11 05:45:31"
"203","82","202","92","480.14","2010-11-04 23:51:58","2010-11-04 23:51:58"
"204","61","203","18","213.2","2016-03-17 21:30:16","2016-03-17 21:30:16"
"205","74","204","53","147.51","2006-11-27 16:08:08","2006-11-27 16:08:08"
"206","5","205","44","271.59","2020-12-30 11:22:31","2020-12-30 11:22:31"
"207","94","206","83","40.64","1974-04-01 05:24:48","1974-04-01 05:24:48"
"208","11","207","1","134.79","1974-05-22 18:43:30","1974-05-22 18:43:30"
"209","54","208","48","408.07","2021-08-07 12:05:05","2021-08-07 12:05:05"
"210","94","209","68","446.61","1979-08-15 18:03:35","1979-08-15 18:03:35"
"211","70","210","95","471.89","1988-11-18 17:31:50","1988-11-18 17:31:50"
"212","44","211","91","295.17","2003-09-23 15:53:48","2003-09-23 15:53:48"
"213","65","212","68","436.54","1977-04-14 05:22:28","1977-04-14 05:22:28"
"214","6","213","29","241.51","1980-08-05 16:22:27","1980-08-05 16:22:27"
"215","59","214","16","3.04","2008-12-20 18:45:01","2008-12-20 18:45:01"
"216","86","215","22","307.85","1978-05-28 16:46:29","1978-05-28 16:46:29"
"217","8","216","8","72.17","1970-01-07 18:05:23","1970-01-07 18:05:23"
"218","76","217","73","68.83","2006-08-26 11:31:37","2006-08-26 11:31:37"
"219","79","218","40","41.55","2006-08-27 18:37:48","2006-08-27 18:37:48"
"220","10","219","33","21.01","1972-06-16 07:38:37","1972-06-16 07:38:37"
"221","86","220","47","492.37","1997-12-18 14:02:04","1997-12-18 14:02:04"
"222","61","221","53","378.6","2025-01-24 10:43:03","2025-01-24 10:43:03"
"223","30","222","7","329.35","2015-11-02 18:20:51","2015-11-02 18:20:51"
"224","43","223","83","16.24","1981-08-26 02:04:01","1981-08-26 02:04:01"
"225","31","224","68","275.6","1974-10-29 01:29:37","1974-10-29 01:29:37"
"226","95","225","54","156.4","1979-04-29 17:39:50","1979-04-29 17:39:50"
"227","90","226","4","239.63","2007-02-08 14:30:37","2007-02-08 14:30:37"
"228","82","227","47","292.65","2006-05-26 14:44:27","2006-05-26 14:44:27"
"229","69","228","34","80.94","1991-07-05 05:00:32","1991-07-05 05:00:32"
"230","64","229","49","407.33","1988-08-11 11:37:37","1988-08-11 11:37:37"
"231","99","230","77","436.7","1979-11-03 05:57:34","1979-11-03 05:57:34"
"232","95","231","33","222.47","2005-01-24 02:33:19","2005-01-24 02:33:19"
"233","57","232","48","159.4","1983-09-25 00:15:32","1983-09-25 00:15:32"
"234","10","233","26","19.42","1972-07-22 20:08:13","1972-07-22 20:08:13"
"235","14","234","50","311.97","1998-07-31 12:28:29","1998-07-31 12:28:29"
"236","35","235","77","439.88","2005-04-24 16:51:12","2005-04-24 16:51:12"
"237","86","236","20","349.3","2014-07-14 03:04:21","2014-07-14 03:04:21"
"238","34","237","62","267.79","1983-04-17 04:24:04","1983-04-17 04:24:04"
"239","93","238","71","376.1","2002-04-02 08:38:20","2002-04-02 08:38:20"
"240","28","239","7","440.85","1971-09-07 03:59:27","1971-09-07 03:59:27"
"241","50","240","66","469.41","2006-12-01 15:01:59","2006-12-01 15:01:59"
"242","34","241","20","37.79","1976-05-25 22:37:28","1976-05-25 22:37:28"
"243","89","242","89","61.53","1975-07-05 19:02:01","1975-07-05 19:02:01"
"244","68","243","42","54.79","1999-09-25 17:48:53","1999-09-25 17:48:53"
"245","68","244","49","359.96","2002-10-02 05:31:02","2002-10-02 05:31:02"
"246","99","245","24","360.43","1979-03-20 01:41:57","1979-03-20 01:41:57"
"247","28","246","54","138.88","2012-07-20 11:43:53","2012-07-20 11:43:53"
"248","3","247","85","475.61","2025-02-13 19:20:43","2025-02-13 19:20:43"
"249","35","248","11","329.88","2001-09-20 14:41:30","2001-09-20 14:41:30"
"250","95","249","74","197.69","2015-10-23 03:02:16","2015-10-23 03:02:16"
"251","60","250","10","211.3","1995-06-25 02:17:35","1995-06-25 02:17:35"
"252","38","251","67","441.95","2023-12-19 06:33:33","2023-12-19 06:33:33"
"253","26","252","5","370.55","2016-12-16 17:44:10","2016-12-16 17:44:10"
"254","90","253","96","401.7","1980-05-12 06:32:03","1980-05-12 06:32:03"
"255","64","254","91","10.78","1977-11-06 13:50:15","1977-11-06 13:50:15"
"256","50","255","16","32.11","2017-12-23 04:28:50","2017-12-23 04:28:50"
"257","82","256","29","264.84","1999-12-15 14:43:01","1999-12-15 14:43:01"
"258","81","257","58","356.84","2007-07-16 07:25:01","2007-07-16 07:25:01"
"259","89","258","62","35.99","1973-03-07 04:57:14","1973-03-07 04:57:14"
"260","68","259","12","224.03","2006-03-29 11:44:36","2006-03-29 11:44:36"
"261","31","260","66","84.01","2011-06-23 12:39:10","2011-06-23 12:39:10"
"262","10","261","88","307.65","1977-08-11 17:43:19","1977-08-11 17:43:19"
"263","80","262","94","451.43","1983-09-04 22:16:29","1983-09-04 22:16:29"
"264","5","263","14","264.22","2000-05-12 05:47:08","2000-05-12 05:47:08"
"265","87","264","89","107.83","2024-04-19 21:17:40","2024-04-19 21:17:40"
"266","46","265","46","138.95","2005-09-04 04:36:09","2005-09-04 04:36:09"
"267","78","266","11","124.2","2007-08-09 19:02:01","2007-08-09 19:02:01"
"268","96","267","29","162.52","1974-04-11 17:01:46","1974-04-11 17:01:46"
"269","8","268","16","455.11","1973-04-12 18:25:51","1973-04-12 18:25:51"
"270","44","269","71","459.3","1984-06-24 17:28:32","1984-06-24 17:28:32"
"271","25","270","100","381.51","1981-11-24 12:44:42","1981-11-24 12:44:42"
"272","64","271","70","439.13","1973-10-11 15:39:11","1973-10-11 15:39:11"
"273","95","272","70","233.96","1972-01-03 14:21:35","1972-01-03 14:21:35"
"274","4","273","84","456.8","1977-04-23 09:26:17","1977-04-23 09:26:17"
"275","57","274","8","110.13","2012-01-12 08:04:27","2012-01-12 08:04:27"
"276","39","275","47","135.2","1991-02-04 08:46:40","1991-02-04 08:46:40"
"277","58","276","31","437.26","1981-10-20 15:32:11","1981-10-20 15:32:11"
"278","24","277","8","483.69","1978-12-29 05:41:57","1978-12-29 05:41:57"
"279","14","278","79","337.05","1993-01-04 02:27:54","1993-01-04 02:27:54"
"280","21","279","34","456.01","2013-06-14 02:22:43","2013-06-14 02:22:43"
"281","2","280","81","311.6","1997-02-27 06:04:56","1997-02-27 06:04:56"
"282","36","281","10","442.65","1994-07-08 03:34:28","1994-07-08 03:34:28"
"283","95","282","58","217.33","1977-02-09 18:00:11","1977-02-09 18:00:11"
"284","14","283","55","234.75","1996-01-20 18:34:37","1996-01-20 18:34:37"
"285","72","284","90","174.04","1990-05-12 22:46:54","1990-05-12 22:46:54"
"286","1","285","10","444.46","2015-10-05 01:40:30","2015-10-05 01:40:30"
"287","12","286","6","324.6","1995-04-15 08:59:08","1995-04-15 08:59:08"
"288","94","287","100","435.59","1980-08-15 22:16:55","1980-08-15 22:16:55"
"289","81","288","41","305.39","1980-05-27 22:30:22","1980-05-27 22:30:22"
"290","12","289","46","25.63","1997-04-04 01:30:17","1997-04-04 01:30:17"
"291","88","290","41","274.01","2011-10-20 05:58:37","2011-10-20 05:58:37"
"292","18","291","59","390.73","1978-09-13 01:33:28","1978-09-13 01:33:28"
"293","28","292","20","474.57","2017-12-29 06:29:53","2017-12-29 06:29:53"
"294","69","293","90","438.01","2021-11-24 02:34:16","2021-11-24 02:34:16"
"295","60","294","15","371.69","1987-09-16 21:58:17","1987-09-16 21:58:17"
"296","43","295","34","305.16","2012-11-22 13:48:40","2012-11-22 13:48:40"
"297","62","296","56","276.39","2007-04-24 05:30:04","2007-04-24 05:30:04"
"298","56","297","85","481.84","2017-09-24 14:32:47","2017-09-24 14:32:47"
"299","47","298","85","138.22","2020-10-19 13:10:11","2020-10-19 13:10:11"
"300","12","299","23","321.68","1996-02-01 13:58:10","1996-02-01 13:58:10"
"301","48","300","11","214.91","2019-07-19 08:30:08","2019-07-19 08:30:08"
"302","63","301","96","23.31","2018-05-05 04:34:50","2018-05-05 04:34:50"
"303","32","302","91","470.88","1977-10-18 01:18:38","1977-10-18 01:18:38"
"304","74","303","89","61.52","1978-03-16 18:51:08","1978-03-16 18:51:08"
"305","85","304","84","438.25","2020-03-09 12:43:14","2020-03-09 12:43:14"
"306","92","305","25","68.96","2005-07-04 06:49:39","2005-07-04 06:49:39"
"307","35","306","19","82.55","2008-07-04 11:00:35","2008-07-04 11:00:35"
"308","15","307","8","34.56","2012-07-25 07:25:14","2012-07-25 07:25:14"
"309","32","308","30","100.36","1982-01-01 21:15:36","1982-01-01 21:15:36"
"310","11","309","1","129.56","1983-11-07 07:46:45","1983-11-07 07:46:45"
"311","71","310","63","430.12","1991-09-18 09:28:43","1991-09-18 09:28:43"
"312","67","311","49","27.3","1989-02-11 03:27:18","1989-02-11 03:27:18"
"313","45","312","70","221.07","1985-10-02 21:34:46","1985-10-02 21:34:46"
"314","92","313","27","271.47","1973-07-02 03:55:57","1973-07-02 03:55:57"
"315","23","314","4","76.62","1976-09-30 19:54:11","1976-09-30 19:54:11"
"316","73","315","50","447.93","1988-10-28 16:48:59","1988-10-28 16:48:59"
"317","92","316","67","131.18","1991-06-26 18:30:54","1991-06-26 18:30:54"
"318","22","317","59","458.89","1994-06-20 03:37:21","1994-06-20 03:37:21"
"319","62","318","14","364.79","2001-10-04 16:58:03","2001-10-04 16:58:03"
"320","32","319","47","315.94","2004-03-09 17:29:55","2004-03-09 17:29:55"
"321","52","320","17","159.0","1986-12-06 21:49:14","1986-12-06 21:49:14"
"322","37","321","49","150.36","1985-02-07 18:19:28","1985-02-07 18:19:28"
"323","67","322","6","345.77","2010-11-11 05:31:12","2010-11-11 05:31:12"
"324","9","323","88","209.27","2014-01-02 18:48:42","2014-01-02 18:48:42"
"325","34","324","56","444.54","1972-11-15 14:07:15","1972-11-15 14:07:15"
"326","65","325","41","330.53","2017-03-23 21:41:30","2017-03-23 21:41:30"
"327","82","326","29","459.48","2008-09-03 23:09:30","2008-09-03 23:09:30"
"328","83","327","71","453.55","2019-01-24 18:37:43","2019-01-24 18:37:43"
"329","50","328","19","113.89","2023-02-14 12:02:49","2023-02-14 12:02:49"
"330","45","329","61","286.33","1972-06-24 23:31:56","1972-06-24 23:31:56"
"331","92","330","82","296.01","1970-12-01 02:55:01","1970-12-01 02:55:01"
"332","45","331","33","210.02","2022-09-05 06:11:12","2022-09-05 06:11:12"
"333","25","332","7","44.29","2015-05-03 02:19:58","2015-05-03 02:19:58"
"334","29","333","43","422.29","2007-01-22 05:29:08","2007-01-22 05:29:08"
"335","22","334","33","26.16","2021-08-12 00:07:41","2021-08-12 00:07:41"
"336","53","335","7","187.62","1980-08-31 18:28:15","1980-08-31 18:28:15"
"337","54","336","99","415.1","1993-08-18 02:54:50","1993-08-18 02:54:50"
"338","21","337","65","246.49","2023-01-05 22:51:55","2023-01-05 22:51:55"
"339","63","338","72","163.08","1981-07-24 00:19:41","1981-07-24 00:19:41"
"340","63","339","28","81.52","1992-02-01 15:52:26","1992-02-01 15:52:26"
"341","43","340","49","437.95","2012-03-04 16:54:34","2012-03-04 16:54:34"
"342","39","341","16","183.4","1972-08-21 12:29:52","1972-08-21 12:29:52"
"343","39","342","28","5.87","2019-10-30 22:03:54","2019-10-30 22:03:54"
"344","5","343","82","491.54","1999-09-17 08:36:22","1999-09-17 08:36:22"
"345","49","344","31","419.01","1988-07-02 07:46:52","1988-07-02 07:46:52"
"346","63","345","42","496.48","1991-06-25 15:50:24","1991-06-25 15:50:24"
"347","37","346","31","337.09","1996-12-07 16:48:11","1996-12-07 16:48:11"
"348","27","347","58","295.93","1994-12-06 05:41:49","1994-12-06 05:41:49"
"349","82","348","11","122.57","1996-06-03 21:09:06","1996-06-03 21:09:06"
"350","53","349","79","41.11","1990-05-29 01:03:18","1990-05-29 01:03:18"
"351","32","350","70","452.44","2021-10-04 14:08:21","2021-10-04 14:08:21"
"352","16","351","91","447.05","1980-08-31 13:54:26","1980-08-31 13:54:26"
"353","91","352","53","380.66","1990-09-22 16:57:44","1990-09-22 16:57:44"
"354","66","353","46","461.24","1981-01-26 01:02:29","1981-01-26 01:02:29"
"355","70","354","53","401.48","2006-06-29 09:04:40","2006-06-29 09:04:40"
"356","58","355","14","377.57","2012-06-22 08:43:02","2012-06-22 08:43:02"
"357","24","356","45","267.2","1982-04-06 23:21:41","1982-04-06 23:21:41"
"358","73","357","15","239.56","1991-05-29 05:59:21","1991-05-29 05:59:21"
"359","79","358","55","400.59","1998-09-18 22:13:24","1998-09-18 22:13:24"
"360","11","359","72","349.36","1983-02-12 13:05:29","1983-02-12 13:05:29"
"361","83","360","53","208.39","1997-05-26 21:15:18","1997-05-26 21:15:18"
"362","45","361","61","186.05","2023-12-02 15:21:31","2023-12-02 15:21:31"
"363","93","362","88","45.56","1999-02-15 19:45:00","1999-02-15 19:45:00"
"364","62","363","25","426.18","2013-11-19 22:56:43","2013-11-19 22:56:43"
"365","96","364","4","173.29","2001-07-03 09:27:22","2001-07-03 09:27:22"
"366","9","365","65","346.26","1976-10-01 12:15:23","1976-10-01 12:15:23"
"367","23","366","15","246.87","2023-12-22 17:35:27","2023-12-22 17:35:27"
"368","69","367","23","145.56","1975-10-01 17:28:27","1975-10-01 17:28:27"
"369","38","368","19","284.67","1993-09-03 07:26:37","1993-09-03 07:26:37"
"370","18","369","33","158.96","2014-05-01 20:38:26","2014-05-01 20:38:26"
"371","99","370","46","80.12","1999-03-14 19:24:08","1999-03-14 19:24:08"
"372","42","371","21","70.39","2004-03-21 22:47:45","2004-03-21 22:47:45"
"373","69","372","39","331.04","1980-02-10 23:46:53","1980-02-10 23:46:53"
"374","86","373","21","144.79","1990-12-22 09:55:01","1990-12-22 09:55:01"
"375","18","374","97","166.27","1978-02-07 18:58:13","1978-02-07 18:58:13"
"376","47","375","68","146.05","2021-07-22 04:11:19","2021-07-22 04:11:19"
"377","12","376","40","279.89","2013-11-02 12:43:04","2013-11-02 12:43:04"
"378","33","377","42","61.97","1980-07-14 14:57:56","1980-07-14 14:57:56"
"379","15","378","34","207.91","1991-05-10 17:02:33","1991-05-10 17:02:33"
"380","7","379","17","230.61","2003-05-01 01:11:01","2003-05-01 01:11:01"
"381","72","380","7","441.65","1970-07-05 22:54:35","1970-07-05 22:54:35"
"382","2","381","43","243.13","1991-12-09 19:51:02","1991-12-09 19:51:02"
"383","95","382","13","57.59","2022-07-25 18:21:31","2022-07-25 18:21:31"
"384","31","383","32","105.91","2006-07-14 18:41:05","2006-07-14 18:41:05"
"385","27","384","92","9.77","2018-12-21 05:33:14","2018-12-21 05:33:14"
"386","73","385","80","148.47","2023-02-24 19:26:47","2023-02-24 19:26:47"
"387","87","386","29","138.59","2023-09-24 11:34:37","2023-09-24 11:34:37"
"388","47","387","82","48.5","2020-10-25 07:35:14","2020-10-25 07:35:14"
"389","11","388","51","164.62","2000-04-01 03:22:17","2000-04-01 03:22:17"
"390","53","389","77","445.12","1980-11-13 04:40:08","1980-11-13 04:40:08"
"391","5","390","45","289.63","2002-04-15 22:57:22","2002-04-15 22:57:22"
"392","75","391","34","169.89","2000-01-20 13:50:58","2000-01-20 13:50:58"
"393","70","392","31","429.14","1986-12-06 17:13:45","1986-12-06 17:13:45"
"394","53","393","93","238.01","2002-11-29 16:36:50","2002-11-29 16:36:50"
"395","92","394","35","352.95","2024-09-18 23:44:05","2024-09-18 23:44:05"
"396","49","395","26","433.72","1978-05-10 07:38:23","1978-05-10 07:38:23"
"397","46","396","94","492.61","2017-02-12 03:59:39","2017-02-12 03:59:39"
"398","41","397","36","376.57","1970-08-31 04:45:06","1970-08-31 04:45:06"
"399","60","398","71","93.26","1980-08-16 15:02:06","1980-08-16 15:02:06"
"400","89","399","77","313.05","1970-03-23 16:19:45","1970-03-23 16:19:45"
"401","12","400","79","109.24","1985-12-28 20:24:26","1985-12-28 20:24:26"
"402","9","401","17","155.21","1987-03-24 21:20:17","1987-03-24 21:20:17"
"403","25","402","78","314.14","2011-03-26 18:08:59","2011-03-26 18:08:59"
"404","49","403","56","4.59","1978-02-25 09:15:14","1978-02-25 09:15:14"
"405","18","404","39","185.51","1994-03-27 22:15:33","1994-03-27 22:15:33"
"406","30","405","2","315.68","2005-11-23 21:08:49","2005-11-23 21:08:49"
"407","85","406","9","128.54","2015-03-13 21:12:01","2015-03-13 21:12:01"
"408","74","407","83","237.42","1999-12-05 18:41:11","1999-12-05 18:41:11"
"409","65","408","93","416.53","2010-10-06 10:45:59","2010-10-06 10:45:59"
"410","57","409","97","470.71","1995-01-10 19:55:05","1995-01-10 19:55:05"
"411","9","410","82","352.17","1982-06-30 16:25:06","1982-06-30 16:25:06"
"412","82","411","57","310.34","1995-04-01 18:13:43","1995-04-01 18:13:43"
"413","64","412","70","141.1","2017-11-10 05:06:42","2017-11-10 05:06:42"
"414","22","413","14","49.52","2013-11-30 11:45:40","2013-11-30 11:45:40"
"415","60","414","26","230.1","1979-09-15 17:02:43","1979-09-15 17:02:43"
"416","96","415","8","8.06","1994-04-09 17:44:15","1994-04-09 17:44:15"
"417","32","416","9","12.84","2001-04-17 01:57:22","2001-04-17 01:57:22"
"418","78","417","55","156.18","2012-01-16 12:51:41","2012-01-16 12:51:41"
"419","76","418","35","220.1","1990-09-28 21:47:49","1990-09-28 21:47:49"
"420","98","419","87","364.65","2005-09-18 05:04:57","2005-09-18 05:04:57"
"421","18","420","62","414.27","1992-11-02 01:52:18","1992-11-02 01:52:18"
"422","57","421","39","90.04","2013-11-18 08:20:21","2013-11-18 08:20:21"
"423","94","422","92","10.69","1999-06-02 14:04:06","1999-06-02 14:04:06"
"424","73","423","57","12.46","1981-04-27 09:41:04","1981-04-27 09:41:04"
"425","37","424","59","297.63","2000-05-24 09:37:34","2000-05-24 09:37:34"
"426","45","425","17","372.33","1997-06-13 18:38:18","1997-06-13 18:38:18"
"427","18","426","54","248.02","2021-01-22 00:49:12","2021-01-22 00:49:12"
"428","72","427","80","75.23","1974-05-19 16:11:57","1974-05-19 16:11:57"
"429","45","428","40","324.37","1979-01-29 11:51:43","1979-01-29 11:51:43"
"430","83","429","95","145.24","1992-03-02 00:16:40","1992-03-02 00:16:40"
"431","76","430","91","24.13","2014-06-24 07:20:41","2014-06-24 07:20:41"
"432","79","431","35","399.64","1989-02-05 12:45:40","1989-02-05 12:45:40"
"433","55","432","60","96.53","1997-11-03 06:19:59","1997-11-03 06:19:59"
"434","72","433","38","374.48","1997-03-22 07:07:24","1997-03-22 07:07:24"
"435","37","434","50","212.61","1978-10-12 11:49:34","1978-10-12 11:49:34"
"436","85","435","66","214.2","2002-01-19 19:50:47","2002-01-19 19:50:47"
"437","61","436","14","336.32","1970-08-25 06:50:27","1970-08-25 06:50:27"
"438","24","437","86","194.76","2023-09-05 21:09:12","2023-09-05 21:09:12"
"439","81","438","4","195.24","2006-04-23 20:11:29","2006-04-23 20:11:29"
"440","48","439","58","45.3","1975-02-27 20:37:27","1975-02-27 20:37:27"
"441","27","440","28","310.32","2022-02-22 01:21:04","2022-02-22 01:21:04"
"442","17","441","99","110.07","1986-11-01 14:03:20","1986-11-01 14:03:20"
"443","87","442","55","208.32","2012-08-16 13:47:58","2012-08-16 13:47:58"
"444","38","443","50","292.53","2005-06-08 11:32:53","2005-06-08 11:32:53"
"445","64","444","97","476.86","2011-11-19 22:24:27","2011-11-19 22:24:27"
"446","4","445","5","285.97","1973-09-18 06:32:55","1973-09-18 06:32:55"
"447","39","446","48","325.66","2024-01-02 21:57:00","2024-01-02 21:57:00"
"448","75","447","59","59.44","2017-02-24 02:14:00","2017-02-24 02:14:00"
"449","40","448","10","148.01","2019-05-22 20:01:31","2019-05-22 20:01:31"
"450","74","449","36","121.96","2022-02-24 10:39:11","2022-02-24 10:39:11"
"451","50","450","71","485.62","2014-06-14 15:53:09","2014-06-14 15:53:09"
"452","0","451","80","335.95","1996-01-17 09:17:06","1996-01-17 09:17:06"
"453","43","452","94","386.45","1975-04-12 00:30:23","1975-04-12 00:30:23"
"454","9","453","52","330.5","2012-04-03 06:31:16","2012-04-03 06:31:16"
"455","66","454","52","283.69","2013-04-27 04:02:08","2013-04-27 04:02:08"
"456","38","455","52","16.76","1970-03-29 12:01:56","1970-03-29 12:01:56"
"457","12","456","75","194.18","2021-02-15 13:52:51","2021-02-15 13:52:51"
"458","8","457","93","71.83","1984-02-04 22:33:16","1984-02-04 22:33:16"
"459","91","458","67","151.01","2008-07-22 20:09:11","2008-07-22 20:09:11"
"460","1","459","94","119.63","2018-12-29 18:07:18","2018-12-29 18:07:18"
"461","5","460","8","349.86","2015-11-10 07:52:26","2015-11-10 07:52:26"
"462","1","461","94","370.62","2021-11-12 07:49:46","2021-11-12 07:49:46"
"463","14","462","76","197.11","1971-04-16 14:32:58","1971-04-16 14:32:58"
"464","99","463","44","147.65","2002-11-16 08:40:11","2002-11-16 08:40:11"
"465","67","464","33","268.7","1989-01-08 08:59:00","1989-01-08 08:59:00"
"466","90","465","47","338.9","1973-02-20 21:30:34","1973-02-20 21:30:34"
"467","21","466","38","348.01","2022-01-21 18:58:24","2022-01-21 18:58:24"
"468","30","467","71","44.4","2012-05-27 17:38:58","2012-05-27 17:38:58"
"469","65","468","17","200.15","1987-02-19 10:11:37","1987-02-19 10:11:37"
"470","43","469","62","397.99","1992-08-24 20:06:19","1992-08-24 20:06:19"
"471","37","470","78","199.64","1987-07-05 23:55:07","1987-07-05 23:55:07"
"472","10","471","5","121.07","1986-01-03 11:41:18","1986-01-03 11:41:18"
"473","73","472","3","431.8","1991-02-22 17:09:36","1991-02-22 17:09:36"
"474","82","473","91","119.64","2003-08-09 09:33:20","2003-08-09 09:33:20"
"475","46","474","4","479.77","2017-03-06 10:31:34","2017-03-06 10:31:34"
"476","51","475","36","149.98","2008-06-01 21:50:28","2008-06-01 21:50:28"
"477","95","476","25","260.12","2024-03-03 17:41:56","2024-03-03 17:41:56"
"478","75","477","34","67.63","2017-01-29 07:49:09","2017-01-29 07:49:09"
"479","75","478","36","457.75","1996-02-21 16:33:41","1996-02-21 16:33:41"
"480","29","479","44","490.56","1990-04-24 15:10:20","1990-04-24 15:10:20"
"481","99","480","81","143.94","1987-07-19 23:00:26","1987-07-19 23:00:26"
"482","39","481","19","140.45","1973-11-14 22:57:54","1973-11-14 22:57:54"
"483","10","482","65","371.51","2020-12-27 15:03:11","2020-12-27 15:03:11"
"484","75","483","31","17.32","2002-12-05 18:21:24","2002-12-05 18:21:24"
"485","78","484","47","498.21","1982-11-30 07:49:43","1982-11-30 07:49:43"
"486","78","485","26","468.22","1979-05-23 07:32:06","1979-05-23 07:32:06"
"487","98","486","55","73.94","1997-08-18 20:01:16","1997-08-18 20:01:16"
"488","40","487","50","316.38","2017-01-24 15:52:30","2017-01-24 15:52:30"
"489","13","488","57","263.77","2022-02-15 03:19:56","2022-02-15 03:19:56"
"490","98","489","30","116.84","1971-05-15 08:42:38","1971-05-15 08:42:38"
"491","11","490","32","112.72","2000-05-12 04:13:16","2000-05-12 04:13:16"
"492","72","491","21","48.22","2015-05-02 17:45:41","2015-05-02 17:45:41"
"493","3","492","22","477.64","2003-08-20 17:12:30","2003-08-20 17:12:30"
"494","35","493","55","298.0","2012-01-24 15:43:59","2012-01-24 15:43:59"
"495","59","494","54","274.44","2007-08-09 05:40:35","2007-08-09 05:40:35"
"496","15","495","73","160.4","2008-12-02 02:35:39","2008-12-02 02:35:39"
"497","93","496","56","441.08","1999-06-21 11:33:00","1999-06-21 11:33:00"
"498","46","497","1","337.24","1997-09-05 11:05:33","1997-09-05 11:05:33"
"499","30","498","32","184.63","2004-10-11 23:30:06","2004-10-11 23:30:06"
"500","60","499","8","408.96","1993-04-18 20:56:38","1993-04-18 20:56:38"
"501","17","500","56","15.26","2010-02-13 20:00:29","2010-02-13 20:00:29"
"502","36","501","18","429.39","2021-09-22 00:37:12","2021-09-22 00:37:12"
"503","62","502","51","293.71","2015-06-19 18:52:40","2015-06-19 18:52:40"
"504","54","503","94","460.48","2015-01-30 03:20:03","2015-01-30 03:20:03"
"505","18","504","62","411.84","1994-05-05 01:43:13","1994-05-05 01:43:13"
"506","24","505","39","65.77","2008-02-10 17:33:05","2008-02-10 17:33:05"
"507","20","506","75","338.03","1973-04-21 00:29:18","1973-04-21 00:29:18"
"508","92","507","87","9.41","2008-11-02 09:18:41","2008-11-02 09:18:41"
"509","42","508","67","471.68","1999-02-16 00:19:17","1999-02-16 00:19:17"
"510","98","509","43","449.27","2019-12-29 10:17:22","2019-12-29 10:17:22"
"511","9","510","49","50.67","2005-04-26 14:00:59","2005-04-26 14:00:59"
"512","3","511","76","153.45","2009-09-27 07:04:57","2009-09-27 07:04:57"
"513","8","512","82","22.71","1985-06-08 21:26:00","1985-06-08 21:26:00"
"514","59","513","22","202.66","2001-01-16 21:25:29","2001-01-16 21:25:29"
"515","51","514","18","369.64","1974-05-25 15:00:25","1974-05-25 15:00:25"
"516","77","515","96","451.15","2018-11-24 19:52:08","2018-11-24 19:52:08"
"517","45","516","95","136.08","2011-10-26 21:51:12","2011-10-26 21:51:12"
"518","66","517","35","110.3","2018-05-05 01:29:01","2018-05-05 01:29:01"
"519","49","518","66","65.26","1995-06-15 04:17:44","1995-06-15 04:17:44"
"520","79","519","68","355.58","1999-09-20 21:20:27","1999-09-20 21:20:27"
"521","33","520","77","129.14","1979-12-13 01:15:24","1979-12-13 01:15:24"
"522","57","521","58","312.63","1998-10-11 01:11:36","1998-10-11 01:11:36"
"523","6","522","51","46.08","1991-10-17 17:21:53","1991-10-17 17:21:53"
"524","51","523","97","357.39","2008-09-24 11:49:06","2008-09-24 11:49:06"
"525","51","524","67","232.39","1985-05-07 11:08:07","1985-05-07 11:08:07"
"526","8","525","45","373.72","2022-09-27 16:01:24","2022-09-27 16:01:24"
"527","35","526","86","179.73","2013-12-10 18:22:00","2013-12-10 18:22:00"
"528","90","527","82","210.9","2001-03-16 21:19:59","2001-03-16 21:19:59"
"529","43","528","62","276.99","2005-05-30 16:28:36","2005-05-30 16:28:36"
"530","43","529","49","424.0","1972-05-24 23:54:34","1972-05-24 23:54:34"
"531","66","530","76","433.38","1976-06-04 15:36:07","1976-06-04 15:36:07"
"532","84","531","29","334.34","2018-04-29 14:14:45","2018-04-29 14:14:45"
"533","70","532","77","145.0","2016-10-06 12:33:53","2016-10-06 12:33:53"
"534","67","533","80","242.07","1974-10-18 19:34:42","1974-10-18 19:34:42"
"535","99","534","17","141.17","2024-12-08 03:04:07","2024-12-08 03:04:07"
"536","5","535","36","491.07","1989-09-30 16:48:39","1989-09-30 16:48:39"
"537","48","536","38","489.87","2003-09-10 04:52:40","2003-09-10 04:52:40"
"538","55","537","75","368.32","1991-10-09 11:55:27","1991-10-09 11:55:27"
"539","39","538","92","420.23","2013-11-19 00:18:43","2013-11-19 00:18:43"
"540","96","539","17","79.12","2015-05-24 02:20:47","2015-05-24 02:20:47"
"541","80","540","90","454.2","1983-08-05 20:32:46","1983-08-05 20:32:46"
"542","68","541","87","358.77","2025-03-11 10:41:18","2025-03-11 10:41:18"
"543","40","542","50","361.21","2001-08-09 12:15:36","2001-08-09 12:15:36"
"544","36","543","29","440.1","1986-05-31 22:34:12","1986-05-31 22:34:12"
"545","21","544","43","485.16","2004-09-26 00:00:15","2004-09-26 00:00:15"
"546","18","545","59","192.7","2008-09-07 15:19:32","2008-09-07 15:19:32"
"547","76","546","19","451.16","1970-09-05 22:55:28","1970-09-05 22:55:28"
"548","50","547","59","176.9","2020-11-13 06:54:09","2020-11-13 06:54:09"
"549","20","548","71","290.09","1996-12-22 12:23:39","1996-12-22 12:23:39"
"550","48","549","9","85.47","1975-05-16 11:22:37","1975-05-16 11:22:37"
"551","76","550","97","472.81","1992-06-04 12:05:58","1992-06-04 12:05:58"
"552","7","551","34","180.41","2004-03-11 12:07:30","2004-03-11 12:07:30"
"553","2","552","34","290.51","2006-01-30 14:23:22","2006-01-30 14:23:22"
"554","53","553","88","491.09","1988-10-10 08:34:33","1988-10-10 08:34:33"
"555","34","554","64","328.49","2008-10-24 01:42:18","2008-10-24 01:42:18"
"556","25","555","98","284.33","2002-12-06 01:06:01","2002-12-06 01:06:01"
"557","79","556","13","254.15","1985-10-25 06:06:45","1985-10-25 06:06:45"
"558","97","557","69","235.81","1991-11-22 18:41:53","1991-11-22 18:41:53"
"559","20","558","93","406.24","1977-12-09 17:56:38","1977-12-09 17:56:38"
"560","48","559","33","167.93","1972-09-13 02:01:38","1972-09-13 02:01:38"
"561","45","560","95","2.46","2025-03-29 18:14:52","2025-03-29 18:14:52"
"562","1","561","71","428.81","2024-02-20 17:07:34","2024-02-20 17:07:34"
"563","6","562","71","499.35","2023-01-07 04:39:53","2023-01-07 04:39:53"
"564","46","563","95","67.35","2010-06-17 15:19:17","2010-06-17 15:19:17"
"565","20","564","100","436.4","2021-09-14 00:05:56","2021-09-14 00:05:56"
"566","51","565","54","314.01","2009-05-21 01:21:04","2009-05-21 01:21:04"
"567","63","566","10","12.09","1975-12-29 02:15:29","1975-12-29 02:15:29"
"568","68","567","22","57.39","1986-06-26 13:49:40","1986-06-26 13:49:40"
"569","3","568","29","264.49","2008-07-22 04:57:25","2008-07-22 04:57:25"
"570","96","569","68","212.02","1972-06-12 19:12:10","1972-06-12 19:12:10"
"571","2","570","99","172.46","2004-11-23 11:55:53","2004-11-23 11:55:53"
"572","53","571","67","238.57","1979-05-25 00:13:28","1979-05-25 00:13:28"
"573","34","572","99","185.76","1998-06-22 18:27:06","1998-06-22 18:27:06"
"574","65","573","25","357.38","2002-09-07 10:24:56","2002-09-07 10:24:56"
"575","0","574","94","272.81","1994-05-07 18:05:20","1994-05-07 18:05:20"
"576","40","575","2","439.32","1995-05-24 18:08:03","1995-05-24 18:08:03"
"577","74","576","73","132.76","2008-05-22 17:45:18","2008-05-22 17:45:18"
"578","35","577","59","192.62","2009-07-07 18:47:25","2009-07-07 18:47:25"
"579","17","578","76","192.35","1976-10-12 02:41:43","1976-10-12 02:41:43"
"580","11","579","52","497.86","1977-11-27 03:14:14","1977-11-27 03:14:14"
"581","9","580","96","78.02","1985-02-20 16:58:54","1985-02-20 16:58:54"
"582","62","581","61","365.53","1990-04-02 14:39:16","1990-04-02 14:39:16"
"583","50","582","77","225.2","1993-06-17 04:47:38","1993-06-17 04:47:38"
"584","78","583","38","322.91","1974-12-29 11:19:52","1974-12-29 11:19:52"
"585","50","584","54","169.44","1985-08-21 17:40:15","1985-08-21 17:40:15"
"586","52","585","64","456.38","1989-06-09 18:23:15","1989-06-09 18:23:15"
"587","64","586","81","480.42","2022-01-08 15:16:55","2022-01-08 15:16:55"
"588","91","587","57","277.25","2012-05-07 14:12:35","2012-05-07 14:12:35"
"589","75","588","29","264.12","1977-04-28 23:49:38","1977-04-28 23:49:38"
"590","50","589","36","63.39","1976-07-30 06:59:32","1976-07-30 06:59:32"
"591","76","590","43","44.11","1987-11-09 23:56:50","1987-11-09 23:56:50"
"592","82","591","63","429.11","1989-11-03 13:36:38","1989-11-03 13:36:38"
"593","95","592","16","153.46","1998-03-28 01:12:37","1998-03-28 01:12:37"
"594","96","593","15","413.59","2003-12-13 07:37:37","2003-12-13 07:37:37"
"595","12","594","59","309.46","1989-10-30 17:25:03","1989-10-30 17:25:03"
"596","58","595","88","119.7","2012-01-10 14:57:57","2012-01-10 14:57:57"
"597","39","596","12","173.24","2002-01-18 06:21:10","2002-01-18 06:21:10"
"598","22","597","100","227.37","1997-08-28 01:47:19","1997-08-28 01:47:19"
"599","13","598","17","470.28","1994-03-03 19:53:26","1994-03-03 19:53:26"
"600","32","599","100","111.01","2015-07-15 20:46:26","2015-07-15 20:46:26"
